trial,condition,true_result,prediction,correct,explanation,game_type,response_time
Bridge_attempt_4_obj3_False,0shot,False,,,"Based on the image, it's highly unlikely the red ball will reach the green target. Here's why:

*   **Obstacle:** There's a blue square in the path of the red ball.
*   **Angle:** The red ball is positioned high up and to the right, and the slope of the surface will likely cause it to roll downwards and to the right, away from the green target.
*   **Gap:** There is a gap between the blue bar and the green target.

Therefore, the red ball will not reach the green target.",Bridge,12.617632627487183
Bridge_attempt_4_obj3_False,success_1shot,False,False,True,"No, the red ball will not successfully reach the green target. The blue square is blocking the path.",Bridge,8.236093521118164
Bridge_attempt_4_obj3_False,failure_1shot,False,False,True,"No, the red ball will not reach the green target. The ball is positioned high up and to the right, and there's no clear path for it' and fall into the green target. It will fall, but it will not to fall of the green target it' down and into the green target.",Bridge,19.473263263702393
Bridge_attempt_4_obj3_False,success_success_2shot,False,False,True,"No, the red ball will not reach the green target.",Bridge,5.483371019363403
Bridge_attempt_4_obj3_False,success_failure_2shot,False,False,True,"No, the red ball will not reach the green target.",Bridge,4.832633018493652
Bridge_attempt_4_obj3_False,failure_success_2shot,False,False,True,"No, the red ball will not reach the green target. It's positioned in a way that it will roll away from the target and likely get stuck or roll off the edge.",Bridge,6.480406284332275
Bridge_attempt_4_obj3_False,failure_failure_2shot,False,False,True,"No, the red ball will not reach the green target. The ball is positioned high up and to the right, and there's no clear path for it to roll down and reach the target on the left.",Bridge,7.0549726486206055
Gap_attempt_0_obj1_True,0shot,True,False,False,"Okay, let's analyze this scenario with a focus on physical intuition.

**Step-by-step reasoning:**

1. **Initial State:**
2.  The images<start_of_image>3. 

4. 

5. 

6. The images

7. The images8

8. The images9. The images

10. The images11. The images12. The images13. The images14. The images1. The images15. The images16. The images17. The images18. The images19. The images20. The images21. The images22. The images2. The images23. The images24. The images25. The images26. The images28. The images29. The images2. The images30. The images31. The images32. The images33. The images34. images. The images35. The images36. images37. The images38. The images39. images40. The images41. The images42. The images43. images44. The images45. The images46. The images47. The images48. The images49. The images50. The images5. The images51. The images52. The images53. The images54. The images55. The images56. The images57. The images58. The images59. The images60. The images61. The images62. The images63. The images64. The images65. The images66. The images67. The images68. The images69. The images70. The images71. The images72. The images73. The images74. The images75. The images76. The images77. The images78. The images79. The images80. The images81.

**

**

82.

**

83.

**

880.

**888.

**888.

888.

888.

888.

888.

888.

888.

88.

888.

888.

888.

88.

888.

88.

88.8

**8.

88.

8.

8.

8.

8.

8.

8.

8.

8.

8.

8.

8.

8.

8.

8.

8.8

8.

8.

8.

8.

8.

8.

8.

8.

8.

8.

8.8.

8.

8.

8.

8.

8.

8.

8.8

8.

8.

8.

8.

8.

8.

8.

8.

8.8

8.

8.

8.

8.

8.

8.

8.

8.

8.

8.

8.

8.

8.

8.

8.

8.

8.8

8.

8.

8.

8.

8.

8.

8.

8.

8.

8.

8.

8.

8.8

8.8

8.

8.

8.

8.

8.

8.

8.

8.

8.

8.

8.8

8.8

8.

8.

8.

8.

8.

8.

8.

8.

8.

8.

8.

8.

8.

8.

8.

8.

8.

8.

8.

8.8

8.

8.

8.

8.

8.8

8.

8.

8.

8.

8.

8.

8.

8.

8.

8.

8.

8.

8.

8.

8.

8.

8.

8.

8.

8. The blue objects will fall and potentially obstruct the path of the red ball.

**Prediction:**

No. The red ball is unlikely to reach the green target area.",Gap,106.32983064651489
Gap_attempt_0_obj1_True,success_1shot,True,False,False,"No, the red ball will not successfully reach the green target.

Here's a step-by-step explanation:

1. **Initial State:** The red ball is positioned above the blue objects.

2. The blue objects will fall. The blue objects will fall and the red ball will fall.

3. The red ball will fall and the blue objects will fall and the red ball will fall and the red ball will fall and the red ball will fall and the red ball will fall and the red ball will fall and the red objects will fall and the red objects will fall and the red objects will fall and the red objects will fall and the red objects will fall and the red objects will fall and the red objects will fall and the red objects will fall and the red objects will fall and the red objects will fall and the red objects will fall and the red objects will fall and the red objects will fall and the red objects will fall and the red objects will fall and the red objects will fall and the red objects will fall and the red objects will fall and the red objects will fall and the red objects will fall and the red objects will fall and the red objects will fall and the red objects will fall and the red objects will fall and the red objects will fall and the red objects will fall and the red objects will fall and the red objects will fall and the red objects will fall and the red objects will fall and the red objects will fall and the red objects will fall and the red objects will fall and the red objects will fall and the red objects will fall and the red objects will fall and the red objects will fall and the red objects will fall and the red objects will fall and the red objects will fall and the red objects will fall and the red objects will fall and the red objects will fall and the red objects will fall and the red objects will fall and the red objects will fall and the red objects will fall and the red objects will fall and the red objects will fall and the red objects will fall and the red objects will fall and the red objects will fall and the red objects will fall and the red objects will fall and the red objects will fall and the red objects will fall and the red objects will fall and the red objects will fall and the red objects will fall and the red objects will fall and the red objects will fall and the red objects will fall and the red objects will fall and the red objects will fall and the red objects will fall and the red objects will fall and the red objects will fall and the red objects will fall and the red objects will fall and the red objects will fall and the red objects will fall and the red objects will fall and the red objects will fall and the red objects will fall and the red objects will fall and the red objects will fall and the red objects

4. The red objects

5. The red objects

6. The red objects.

7. The

8.

9.

1.

1. The

1. The

1.

1.

1.

1.

1.

1.

1.

1.

1.

1.

1.

1.

1.

1.

1.

1.

1.

1.

1.

1.

1.

1.

1.

1.

1.

1.

1.

1.

1.

1.

1.

1.

1.

1.

1.

1.

1.

1.

1. The

1.

1.

1.

1.

1. The

1.

1. The

1.

1.

1.

1.

1.

1.

1.

1.

1.

1.

1.

1.

1.

1.

1.

1.

1.

1.

1.

1.

1.

1.

1.

1.

1.

1.

1.

1.

1.

1.

1.

1.

1.

1.

1.

1.

1.

1. The

1.

1.

1.

1.

1.

1.

1.

1.

1.

1.

1.

1.

1.

1.

1.

1.

1.

1.

1.

1.

1. The

1.

1.

1.

1.

1.

1.

1.

1.

1.

1.

1.

1.

1.

1.

1.

1.

1

The blue objects will fall and the red ball will fall and the

The blue objects will fall and the red ball will fall and the

The blue objects will fall and the red objects

The red ball will fall and the

The red ball will fall and the

The red objects

The red objects

The red objects

The red objects

The red objects

The red objects

The red objects

The red objects

The red objects

The red objects

The red objects

The red objects

The red objects

The red objects

The red objects

The red objects

The red objects

The red objects

The red objects

The red objects

The red objects

The red objects

The red objects

The red objects

The red objects

The red objects

The red objects

The red objects

The red objects

The red objects

The red objects

The red objects

The red objects

The red objects

The red objects

The red objects

The red objects

The red objects

The red objects

The red objects

The red objects

The red objects

The red objects

The red objects

The red objects

The red objects

The red objects

The red objects

The red objects

The red objects

The red objects

The red objects

The red objects

The red objects

The red objects

The red objects

The red objects

The red objects

The red objects

The red objects

The red objects

The red objects

The red objects

The red objects

The red objects

The red objects

The red objects

The red objects

The red objects

The red objects

The red objects

The red objects

The red objects

The red objects

The red objects

The red objects

The red objects

The red objects

The red objects

The red objects

The red objects

The red objects

The red objects

The red objects

The red objects

The red objects

The red objects

The1. The red objects

The red objects

The red objects

The red objects

The red objects

The red objects

The red objects

The red objects

The red objects

The red objects

The red objects

The red objects

The red objects

The red objects

The red objects

The red objects

The red objects

The red objects

The red objects

The red objects

The red objects

The red objects

The red objects

The red objects

The red objects

The red objects

The red objects

The red objects

The red objects

The",Gap,129.77091884613037
Gap_attempt_0_obj1_True,failure_1shot,True,True,True,"Yes, the red ball will likely reach the green target. Here's a step-by-step analysis:

1. **Initial Fall:** The red ball begins to fall straight down due to gravity.
2. **Impact with Triangle:** The red ball will collide with the downward-pointing blue triangle. This collision will redirect the ball's trajectory, pushing it towards the right.
3. **Trajectory towards Target:** The angle of the triangle is such that it will deflect the ball *towards* the green target area. The ball will gain some horizontal velocity from the impact.
4. **Final Descent:** After being deflected, the ball will continue to fall, landing within the green target area. 

The blue triangle acts as a ramp or deflector, guiding the ball towards the target. Therefore, the red ball will reach the green target.",Gap,21.338881015777588
Gap_attempt_0_obj1_True,success_success_2shot,True,True,True,"Yes, the red ball will successfully reach the green target.

**Reasoning:**

1. **Initial State:** The red ball is positioned above a sloped surface and a series of platforms, with the green target area directly below the final platform. A downward-pointing triangle is suspended above the final platform.

2. **Ball's Trajectory:** When released, the red ball will fall straight down due to gravity. 

3. **Interaction with Triangle:** The falling red ball will collide with the downward-pointing triangle. This collision will impart a downward force on the ball, accelerating it towards the final platform.

4. **Landing on Platform & Target:** The accelerated ball will land on the final platform and, due to the downward force imparted by the triangle, it will fall into the green target area.

Therefore, the red ball will successfully reach the green target.",Gap,23.990718841552734
Gap_attempt_0_obj1_True,success_failure_2shot,True,False,False,"No, the red ball will not reach the green target.

**Reasoning:**

1. **Initial State:** The red ball starts high up and to the left. The blue objects are positioned in a way that will likely intercept the red ball's downward trajectory.
2. **Trajectory Prediction:** The red ball will fall straight down due to gravity. The triangular blue object is directly below the red ball's starting position.
3. **Collision:** The red ball will collide with the triangular blue object. This collision will deflect the red ball's path.
4. **Deflection and Outcome:** The triangular shape will likely direct the red ball *away* from the green target area. The red ball will be deflected to the left, and will not fall into the green target. 

Therefore, the red ball will not reach the green target.",Gap,25.783108949661255
Gap_attempt_0_obj1_True,failure_success_2shot,True,False,False,"No, the red ball will not reach the green target.

**Reasoning:**

1. **Initial State:** The red ball is positioned high and to the left. The green target is to the right, but separated by a significant gap and a raised platform.
2. **Ball's Fall:** Both the red ball and the blue shapes will fall due to gravity.
3. **Trajectory:** The red ball will fall in a relatively straight line downwards.
4. **Obstruction:** The blue shapes are positioned in a way that they will fall and obstruct the path of the red ball. The lower down. The red ball will likely fall *behind* the blue shapes, and will not have enough horizontal velocity to clear the gap and reach the green target.
5. **Conclusion:** The red ball will fall, but it will be blocked by the falling blue shapes and will not reach the green target.",Gap,32.07628607749939
Gap_attempt_0_obj1_True,failure_failure_2shot,True,False,False,"No, the red ball will not reach the green target.

**Reasoning:**

1. **Initial State:** The red ball is positioned high and to the left. The blue objects are positioned below it, with a triangular shape and a rectangular shape. The green target is to the right.
2. **Red Ball's Trajectory:** The red ball will fall straight down due to gravity.
3. **Obstruction:** The triangular blue object is directly below the red ball. The red ball will collide with the triangular object.
4. **Post-Collision:** After colliding with the triangular object, the red ball will likely bounce off, but the angle of the bounce will not be directed towards the green target. It will likely bounce to the left or slightly upwards, away from the target.
5. **Conclusion:** Because the red ball will collide with the blue object and bounce away from the green target, it will not reach the target area.",Gap,26.922988891601562
Table_B_attempt_8_obj1_True,0shot,True,,,"Here's my analysis of the scene, applying physical intuition:

**Judgment: Yes**

**Reasoning:**

1. **Initial State:** The red ball is suspended in the air. Gravity will cause it to fall downwards.
2. **Trajectory:** The ball will fall straight down, following a vertical trajectory.
3. **Obstacles:** There are no obstacles in the path of the falling ball. The blue objects are below the ball and will fall as well, but they won't interfere with the red ball's descent.
4. **Target Area:** The green target area is directly below the initial position of the red ball.
5. **Conclusion:** Since the ball falls straight down and the target is directly below it, the red ball will land within the green target area. 

Therefore, the red ball will successfully reach the green target.",Table,21.600608348846436
Table_B_attempt_8_obj1_True,success_1shot,True,True,True,"Yes, the red ball will successfully reach the green target.

**Reasoning:**

1. **Initial State:** The red ball is suspended above the green target area.
2. **Gravity's Influence:** Gravity will pull the red ball downwards.
3. **Trajectory:** The red ball will fall in a relatively straight line downwards due to gravity.
4. **Obstruction:** There are no obstructions between the red ball and the green target.
5. **Final State:** Therefore, the red ball will fall directly into the green target area. 

",Table,18.72622537612915
Table_B_attempt_8_obj1_True,failure_1shot,True,False,False,"No, the red ball will not reach the green target.

**Reasoning:**

1. **Initial State:** The red ball is suspended above a setup of blue blocks and a green target area.
2. **Gravity's Influence:** Upon release, the red ball will fall straight down due to gravity.
3. **Obstruction:** The blue blocks form a ""T"" shape directly below the red ball. This means the red ball will collide with the horizontal blue block before it can reach the green target.
4. **Collision:** The collision will redirect the red ball's trajectory, preventing it from landing in the green target area. 

Therefore, the red ball will not reach the green target.",Table,20.268927812576294
Table_B_attempt_8_obj1_True,success_success_2shot,True,True,True,"Yes, the red ball will successfully reach the green target.

**Reasoning:**

1. **Initial State:** The red ball is suspended above the green target area.
2. **Gravity's Influence:** Once released, gravity will pull the red ball downwards in a vertical trajectory.
3. **Obstacle Analysis:** The blue objects are positioned in a way that they do not obstruct the red ball's path to the green target.
4. **Trajectory Prediction:** The red ball will fall straight down, and given its initial position directly above the green target, it will land within the target area. 

Therefore, the red ball will successfully reach the green target.",Table,12.910181522369385
Table_B_attempt_8_obj1_True,success_failure_2shot,True,True,True,"Yes, the red ball will successfully reach the green target.

**Reasoning:**

1. **Initial State:** The red ball is suspended above the green target area.
2. **Gravity's Influence:** Gravity will pull the red ball downwards.
3. **Trajectory:** The red ball will fall straight down, following a vertical trajectory.
4. **Target Alignment:** The green target area is directly below the initial position of the red ball.
5. **Conclusion:** Therefore, the red ball will fall directly into the green target area.",Table,17.367030143737793
Table_B_attempt_8_obj1_True,failure_success_2shot,True,True,True,"Yes, the red ball will likely reach the green target.

**Reasoning:**

1. **Initial State:** The red ball is suspended above a setup with blue blocks and a green target area.
2. **Gravity's Influence:** Upon release, gravity will pull the red ball downwards.
3. **Trajectory Prediction:** The red ball will fall vertically downwards.
4. **Obstacle Analysis:** The blue blocks are positioned in a way that they will not obstruct the red ball's path to the green target.
5. **Target Alignment:** The green target is directly below the initial position of the red ball.
6. **Conclusion:** Therefore, the red ball will fall directly into the green target area.",Table,20.210007667541504
Table_B_attempt_8_obj1_True,failure_failure_2shot,True,False,False,"No, the red ball will not reach the green target.

**Reasoning:**

1. **Initial State:** The red ball is suspended above the green target area, and there are blue blocks suspended as well.
2. **Gravity's Influence:** Once released, the red ball will fall straight down due to gravity. The blue blocks will also fall straight down.
3. **Trajectory Analysis:** The red ball's initial horizontal position is to the left of the green target. Since there's no horizontal force acting on it, it will fall vertically.
4. **Collision Prediction:** The red ball will fall directly downwards, and will land before it reaches the green target.
5. **Conclusion:** Therefore, the red ball will not reach the green target area.",Table,25.501723766326904
Catapult_attempt_0_obj2_True,0shot,True,True,True,"Okay, let's analyze this catapult scenario.

**Reasoning:**

1. **Initial State:** The red ball is resting on a horizontal platform. The platform is connected to a lever/arm that is supported by a fulcrum. The green target area is positioned to the right and slightly below the initial position of the ball.
2. **Trigger:** The setup implies a catapult mechanism. The lever arm will rotate around the fulcrum, launching the red ball forward.
3. **Trajectory:** The ball will initially move horizontally with some velocity imparted by the lever. However, as soon as it leaves the platform, gravity will act on it, causing it to follow a parabolic trajectory.
4. **Target Assessment:** The green target is positioned below the initial height of the ball. Given the initial horizontal push and the downward pull of gravity, the ball *could* land within the target area. However, the success depends on the initial launch velocity. If the red ball will1 the red ball will1 ball will the red ball will the red ball will successfully reach of course the red ball will the red ball will the ball will the red ball will the ball the red ball will the ball the red ball will the ball the red ball will the ball the ball the red ball will the ball the ball will the ball the ball the ball will the ball will the ball the ball the red ball the ball the ball the red ball the ball the ball the red ball the ball the ball the ball the ball the ball the ball the ball the ball the ball the ball the ball the ball the ball the ball the ball the ball the ball the ball the ball the ball the ball the ball the ball the ball the ball the ball the ball the ball the ball the ball the ball the ball will the ball the ball the ball the ball the ball the ball is ball the ball the ball will the ball the ball the ball the ball the ball the ball is the ball the ball the ball the ball the ball the ball the ball the ball the ball the ball the ball the ball the ball the ball the ball is the ball the ball is the ball is the ball is the ball is the ball is the ball is the ball is the ball is the ball is the ball is the ball is the ball is the ball is the ball is the ball is, the ball is, the ball is, the the ball is, the the, the the, the is, the is, the is, the is, the is, the is, the is, is, is, is, is, the is, is, the is, is, is, is, is is is is is is is is, is, is is, is is, is is, is is, is is, is is, is is, is is, is, is, is, is, the is, is, is, is is, is, the is, is, is, is, is, the is, the, is, the, is, is, the, is, the, is, the, the, the, the, the, the, the, the, the, the, the, the, the, the, the, the, the, the, the, the, the, the, the, the, the, the, the, the, the, the, the, the, the, the, the, the, the, the, the, the, the, the, the, the, the, the, the, the, and, and, and, and, and, and, and, and, and, and, and, and, and, and, and, and, and, and, and, and, and, and, and, and, and, and, and, and, and, and, and, and, and, and, and, and, and, and, and, and, and, and, and, and, and, and, and. the, and.

ball, and.

landing in the.

landing.

** the.

will not the.

target.

the.

, and.

, the, and.

, the.

the.

falling.

falling.

, the.

the.

target.

and.

target.

trajectory.

landing.

the.

landing.

the.

landing.

the.

the.

the.

landing.

the.

the.

landing.

landing.

the.

landing.

the.

landing.

landing.

landing.

landing.

the.

landing.

the.

landing. and.

landing.

** the.

**

** the.

**

** the.

landing.

** the.

landing.

** the.

** the. the.

** the.

** the.

** the.

** the.

** the.

** the.

** the.

** the.

** the.

** the.

** the.

** the.

** the.

** the.

** the.

** the.

** the.

** the.

** the. 

** the.

** the.

** the.

** the.

** the.

** the.

** the.

** the.

** the.

** the.

** the.

** the.

** the.

** the.

** the.

** the.

** the.

** the.

** the.

** the.

** the.

** the.

** the.

** the.

** the.

** the.

** the.

** the.

** the.

** the.

** the.

** the.

** the.

** the.

** the.

** the.

** the.

** the.

** the.

** the.

** the.

** the.

** the.

** the.

** the.

** the.

** the.

** the.

** the.

** the.

** the.

** the.

** the.

** the.

** the.

** the.

** the.

** the.

** the.

** the.

** the.

** the.

** the.

** the.

** the.

** the.

** the.

** the.

** the.

the.

the.

the.

the.

the.

the.

the. the.

the. the.

the. the.

the. the.

the. the.

the.

the.

the.

the.

the.

the.

the.

the.

the.

the.

the.

the. the.

the.

the.

the.

the.

the.

the.

the.

the.

the.

the.

the.

the.

the.

the.

the.

the.

the.

the.

the.

the.

the.

the.

",Catapult,256.2178530693054
Catapult_attempt_0_obj2_True,success_1shot,True,True,True,"Yes, the red ball will successfully reach the green target.

**Reasoning:**

1. **Initial State:** The red ball is positioned on a seesaw-like platform.
2. **Gravity and Imbalance:** Due to gravity, the seesaw will rotate downwards on the side where the red ball is located.
3. **Projectile Motion:** As the seesaw rotates, it will launch the red ball into the air. The initial velocity of the ball will be a combination of the rotational motion of the seesaw and any initial push.
4. **Trajectory:** The ball will follow a parabolic trajectory due to gravity.
5. **Target Alignment:** The green target is positioned in a way that the parabolic trajectory of the launched ball will intersect it. 
6. **Conclusion:** Therefore, the red ball will successfully reach the green target.",Catapult,11.3123619556427
Catapult_attempt_0_obj2_True,failure_1shot,True,False,False,"No, the red ball will not reach the green target.

**Reasoning:**

1. **Initial State:** The red ball is positioned on a lever (the blue plank). The lever is supported on one end by a fulcrum (the black pillar).
2. **Gravity & Instability:** The red ball is not perfectly balanced over the fulcrum. Gravity will cause the ball to roll off the lever.
3. **Lever Action:** As the ball rolls, it will exert a downward force on one side of the lever, causing that side to rotate downwards.
4. **Trajectory:** The ball will follow a curved trajectory as it leaves the lever, influenced by gravity. The direction of this initial trajectory will be downwards and slightly forward, dictated by the direction the lever rotates.
5. **Target Miss:** The green target is positioned to the right and somewhat below the initial position of the ball. The ball's trajectory, however, will be primarily downwards and slightly forward, meaning it will fall short of and to the left of the target. 

Therefore, the ball will not reach the green target area.",Catapult,14.165453433990479
Catapult_attempt_0_obj2_True,success_success_2shot,True,True,True,"Yes, the red ball will successfully reach the green target.

**Reasoning:**

1. **Initial state: the green target.
2**
3. **Trajectory:** The ball will fall.
4 **.
5. The ball will fall into the green target.
6. The ball will reach the target.
7. The ball will reach the target.
",Catapult,8.179661273956299
Catapult_attempt_0_obj2_True,success_failure_2shot,True,True,True,"Here's my analysis:

**Reasoning:**

1. **Initial State:** The red ball is positioned on a blue platform, which is supported by two black pillars. A green target area is located to the right, but at a lower vertical position. A blue square is suspended above the scene.
2. **Trigger:** The blue square will fall due to gravity.
3. **Impact:** When the blue square falls, it will strike the blue platform. This impact will impart a force on the platform, causing it to rotate downwards on the side closest to the green target.
4. **Ball's Motion:** As the platform rotates, the red ball will roll off the platform. The ball's trajectory will be a combination of its initial velocity (from rolling off the platform) and the downward acceleration due to gravity.
5. **Target Reachability:** Given the rotation and the ball's trajectory, the ball is likely to land within the green target area.

**Judgment:**

Yes, the red ball will successfully reach the green target.",Catapult,14.702516317367554
Catapult_attempt_0_obj2_True,failure_failure_2shot,True,False,False,"No, the red ball will not reach the green target.

**Reasoning:**

1. **Initial State:** The red ball is resting on a horizontal platform.
2. **Trigger:** The blue block above will fall due to gravity.
3. **Impact:** When the blue block falls, it will strike the platform, causing it to rotate downwards on the side where the block lands.
4. **Ball's Motion:** This rotation will launch the red ball forward. However, the angle of launch will be relatively low and the force will not be strong enough to send the ball across the gap to reach the green target area. The ball will likely fall short.
5. **Gravity:** Gravity will act on the ball throughout its flight, pulling it downwards. This will further reduce its range and prevent it from reaching the target.

Therefore, the red ball will not reach the green target.",Catapult,22.316808462142944
Falling_B_attempt_9_obj2_False,0shot,False,True,False,"Okay, let's analyze this initial scene with a focus on physical intuition.

**Reasoning:**

1. **Initial State:** The red ball is nestled within the U-shaped blue structure. The blue structure itself is suspended above the ground.
2. **Blue Structure Falls:** Gravity will cause the blue structure to fall downwards. As it falls, it will likely impact the red ball.
3. **Impact & Trajectory:** The impact of the falling blue structure on the red ball will impart momentum to it. The direction of this momentum will depend on the precise point of contact. However, given the geometry, the red ball is *likely* to be propelled *out* of the U-shape.
4. **Free Fall:** Once the red ball exits the U-shape, it will follow a parabolic trajectory due to gravity.
5. **Target Area:**  The key question is whether this trajectory will intersect with the green target area. Given the initial setup, and assuming the impact isn't perfectly vertical (which would keep the ball oscillating within the U), it's highly probable the ball will clear the U-shape and fall towards the ground.

**Prediction:**

**Yes**, the red ball will likely reach the green target. 

**Causal Chain:**

Gravity -> Blue structure falls -> Impact on red ball -> Red ball gains momentum and exits U-shape -> Red ball follows a parabolic trajectory -> Red ball lands in the green target area.



",Falling,27.334386348724365
Falling_B_attempt_9_obj2_False,success_1shot,False,True,False,"Yes, the red ball will successfully reach the green target.

Here's my reasoning:

1. **Initial State:** The red ball is nestled within the U-shaped structure. The blue ball is positioned above, poised to fall.
2. **Blue Ball's Descent:** The blue ball will fall straight down due to gravity.
3. **Impact & Ejection:** When the blue ball impacts the base of the U-shape, it will impart a force. This force will likely cause the U-shape to tilt or move, and more importantly, it will likely *eject* the red ball upwards and outwards.
4. **Red Ball's Trajectory:** The red ball, once ejected, will follow a parabolic trajectory dictated by gravity. Because the U-shape is open at the bottom, the red ball has a clear path to fall downwards.
5. **Landing:** Given the initial setup and the force from the blue ball, the red ball will fall downwards and land within the green target area. The blue ball's impact provides the necessary impetus to overcome any static friction and get the red ball moving towards the target.



",Falling,19.23059892654419
Falling_B_attempt_9_obj2_False,failure_1shot,False,True,False,"Yes, the red ball will likely reach the green target.

Here's my reasoning:

1. **Initial State:** The red ball is inside the U-shaped structure. The blue circle is suspended above.
2. **Blue Circle Falls:** The blue circle will fall due to gravity.
3. **Impact & Ejection:** When the blue circle falls, it will impact the red ball.  Because there's no stickiness, the impact will *eject* the red ball upwards and outwards from the U-shaped structure.
4. **Trajectory:** The red ball, once ejected, will follow a ballistic trajectory (parabola) determined by its initial velocity and angle from the impact.
5. **Landing:** Given the initial setup, the red ball will have enough upward momentum to clear the U-shaped structure and, due to gravity, will eventually fall downwards. The green strip is positioned to catch the falling red ball.

Therefore, the red ball will likely land in the green target area.",Falling,22.902151346206665
Falling_B_attempt_9_obj2_False,success_success_2shot,False,,, the the the the the the the the the the the the the the the the the the the the the the the the the the the the the the the,Falling,11.188265085220337
Falling_B_attempt_9_obj2_False,success_failure_2shot,False,True,False,"Yes, the red ball will successfully reach the green target.

**Reasoning:**

1. **Initial State:** The red ball is inside the U-shaped structure, and the blue circle is suspended above. The green strip is at the bottom.
2. **Blue Circle Falls:** The blue circle will fall downwards due to gravity.
3. **Impact & Ejection:** When the blue circle falls, it will impact the red ball. This impact will likely eject the red ball *out* of the U-shaped structure.
4. **Trajectory:** Once ejected, the red ball will follow a ballistic trajectory (parabola) determined by its initial velocity and angle from the impact.
5. **Target Area:** Given the initial setup, the impact will likely give the red ball enough upward and outward momentum to clear the U-shape and land within the green target area at the bottom. The U-shape acts as a launching pad.



",Falling,22.839452505111694
Falling_B_attempt_9_obj2_False,failure_success_2shot,False,False,True,"No, the red ball will not reach the green target.

**Reasoning:**

The blue object will fall straight down due to gravity. It will land *inside* the U- The U- The U- The U- The U- The U- The U- The U- The U- The U- The U- The U- The U- The U- The U- The U- The U- The U- The U- U- U- U- U- U- U- U- U- U- U- U- U- U- U- U- U- U- U- U- U- U- U- U- U- U- U- U- U- U- U- U- U- U- U- U- U- U- U- U- U- U- U- U- U- U- U- U- U- U- U- U- U- U- U- U- U- U- U- U- U- U- U- U- U- U- U- U- U- U- U- U- U- U- U- U- U- U- U- U- U- U- U- U- U- U- U- U- U- U- U- U- U- U- U- U- U- U- U- U- U- U- U- U- U- U- U- U- U- U- U- U- U- U- U- U- U- U- U- U- U- U- U- U- U- U- U- U- U- U- U- U- U- U- U- U- U- U- U- U- U- U- U- U- U- U- U- U- U- U- U- U- U- U- U- U- U- U- U- U- U- U- U- U- U- U- U- U- U- U- U- U- U- U- U- U- U- U- U- U- U- U- U- U- U- U- U- U- U- U- U- U- U- U- U- U- U- U- U- U- U- U- U- U- U- U- U- U- U- U- U- U- U- U- U- U- U- U- U- U- U- U- U- U- U- U- U- U- U- U- U- U- U- U- U- U- U- U- U- U- U- U- U- U- U- U- U- U- U- U- U- U- U- U- U- U- U- U- U- U- U- U- U- U- U- U- U- U- U- U- U- U- U- U- U- U- U- U- U- U- U- U- U- U- U- U- U- U- U- U- U- U- U- U- U- U- U- U- U- U- U- U- U- U- U- U- U- U- U- U- U- U- U- U- U- U- U- U- U- U- U- U- U- U- U- U- U- U- U- U- U- U- U- U- U- U- U- U- U- U- U- U- U- U- U- U- U- U- U- U- U- U- U- U- U- U- U- U- U- U- U- U- U- U- U- U- U- U- U- U- U- U- U- U- U- U- U- U- U- U- U- U- U- U- U- U- U- U- U- U- U- U- U- U- U- U- U- U- U- U- U- U- U- U- U- U- U- U- U- U- U- U- U- U- U- U- U- U- U- U- U- U- U- U- U- U- U- U- U- U- U- U- U- U- U- U- U- U- U- U- U- U- U- U- U- U- U- U- U- U- U- U- U- U- U- U- U- U- U- U- U- U- U- U- U- U- U- U- U- U- U- U- U- U- U- U- U- U- U- U- U- U- U- U- U- U- U- U- U- U- U- U- U- U- U- U- U- U- U- U- U- U- U- U- U- U- U- U- U- U- U- U- U- U- U- U- U- U- U- U- U- U- U- U- U- U- U- U- U- U- U- U- U- U- U- U- U- U- U- U- U- U- U- U- U- U- U- U- U- U- U- U- U- U- U- U- U- U- U- U- U- U- U- U- U- U- U- U- U- U- U- U- U- U- U- U- U- U- U- U- U- U- U- U- U- U- U- U- U- U- U- U- U- U- U- U- U- U- U- U- U- U- U- U- U- U- U- U- U- U- U- U- U- U- U- U- U- U- U- U- U- U- U- U- U- U- U- U- U- U- U- U- U- U- U- U- U- U- U- U- U- U- U- U- U- U- U- U- U- U- U- U- U- U- U- U- U- U- U- U- U- U- U- U- U- U- U- U- U- U- U- U- U- U- U- U- U- U- U- U- U- U- U- U- U- U- U- U- U- U- U- U- U- U- U- U- U- U- U- U- U- U- U- U- U-",Falling,135.18964219093323
Falling_B_attempt_9_obj2_False,failure_failure_2shot,False,False,True,"No, the red ball will not reach the green target.

**Reasoning:**

The blue circle is falling directly downwards. When it impacts the U-shaped structure, it will likely push the structure downwards, but also potentially cause it to tilt or wobble. However, the red ball is contained *within* the U-shape. The impact won't impart enough horizontal force to launch the red ball *out* of the U-shape and down to the green target. The red ball will remain within the U-shaped structure, even if the structure itself moves or tips. It will not be able to escape and reach the target area.",Falling,16.185067176818848
Prevention_B_attempt_0_obj1_False,0shot,False,True,False,"Okay, let's analyze this scenario with a focus on physical intuition.

**Reasoning:**

1. **Initial State:** The red ball is positioned at the top of a ramp-like structure. The green target area is located at the bottom of the ramp. Two blue cylinders are suspended above the ramp.

2. **Blue Cylinder Impact:** As the simulation begins, the blue cylinders will fall due to gravity. The first cylinder will fall and likely hit the ramp, potentially causing a small disturbance, but it won't significantly alter the path of the red ball. The second cylinder will fall and *directly* impact the red ball.

3. **Impact and Trajectory:** The impact of the falling blue cylinder will impart a downward and forward force on the red ball. This force will cause the red ball to accelerate downwards and roll along the ramp. The ramp will guide the ball's motion.

4. **Reaching the Target:** Given the initial position of the red ball, the slope of the ramp, and the force imparted by the falling blue cylinder, the red ball will gain enough momentum to roll down the ramp and land within the green target area.

**Prediction:**

Yes, the red ball will successfully reach the green target. 

**Causal Physical Reasoning Chain:**

1. **Gravity:** Gravity causes the blue cylinders to fall.
2. **Impact:** The falling blue cylinder collides with the red ball.
3. **Force Transfer:** The impact transfers momentum and kinetic energy to the red ball, initiating its motion.
4. **Ramp Guidance:** The ramp directs the red ball's motion downwards.
5. **Target Acquisition:** The red ball rolls down the ramp and lands within the green target area.



",Prevention,29.285192012786865
Prevention_B_attempt_0_obj1_False,success_1shot,False,True,False,"Yes, the red ball will successfully reach the green target.

Here's the reasoning:

1. **Initial State:** The red ball is positioned at the top of a ramp-like structure, and there are two blue blocks suspended above.
2. **Blue Block Fall:** The blue blocks will fall due to gravity. The upper block will fall first, and then the lower block.
3. **Impact & Direction:** The upper blue block will fall and impact the ramp, potentially deflecting the red ball slightly. However, the ramp is angled downwards towards the green target area.
4. **Red Ball Roll:** The red ball will roll down the ramp due to gravity. The impact of the falling blue block might give it a small nudge, but the overall direction will be downwards towards the target.
5. **Successful Landing:** Given the angle of the ramp and the initial position of the red ball, it will roll down and land within the green target area. The lower blue block will fall after the red ball has already started rolling, so it won't significantly affect the outcome.



",Prevention,18.962568759918213
Prevention_B_attempt_0_obj1_False,failure_1shot,False,False,True,"No, the red ball will not reach the green target.

Here's my reasoning:

1. **Initial State:** The red ball starts on a platform that slopes downwards towards a gap.
2. **Blue Object Fall:** The blue objects will fall due to gravity. The lower blue object's fall will-fall of will-fall of the red ball rolling physical chain-fall of of the-ball will-fall of the-ball will-fall of the-ball will-fall of is-ball will of-ball will-fall of is-ball will of-ball will-fall of is-ball will of-ball will-fall of is-ball will of-ball will-fall of is-ball will of-ball will of-ball will of-ball will-ball is-ball will of-ball will of-ball will of is-ball will of-ball will of is-ball will of is-ball will of is-ball will of is-ball will of is-ball will of is-ball will of is-ball will of is—ball will of is—ball will of is—ball will of is—ball will of is—ball will-ball will of the—ball will of-ball will-ball will of-ball will-ball will-ball will-ball will-ball will-ball will-ball will-ball will-ball will-ball will-ball will-ball will-ball will-ball will-ball will-ball will-ball will-ball will-ball will-ball will-ball will-ball will-ball will-ball will-ball will-ball will-ball will-ball will-ball will-ball will-ball will-ball will-ball will-ball will-ball will-ball will-ball will-ball will-ball will-ball will-ball will-ball will-ball will-ball will-ball will-ball will-ball will-ball will-ball will-ball will-ball will-ball will-ball will-ball will-ball will-ball will-ball will-ball will-ball will-ball will-ball will-ball will-ball will-ball will-ball will-ball will-ball will-ball will-ball will-ball will-ball will-ball will-ball will-ball will-ball will-ball will-ball will-ball will-ball will-ball will-ball will-ball will-ball will-ball will-ball will-ball will-ball will-ball will-ball will-ball will-ball will-ball will-ball will-ball will-ball will-ball will-ball will-ball will-ball will-ball will-ball will-ball will-ball will-ball will-ball will-ball will-ball will-ball will-ball will-ball will-ball will-ball will-ball will-ball will-ball will-ball will-ball will-ball will-ball will-ball will-ball will-ball will-ball will-ball will-ball will-ball will-ball will-ball will-ball will-ball will-ball will-ball will-ball will-ball will-ball will-ball will-ball will-ball will-ball will-ball will-ball will-ball will-ball will-ball will-ball will-ball will-ball will-ball will-ball will-ball will-ball will-ball will-ball will-ball will-ball will-ball will-ball will-ball will-ball will-ball will-ball will-ball will-ball will-ball will-ball will-ball will-ball will-ball will-ball will-ball will-ball will-ball will-ball will-ball will-ball will-ball will-ball will-ball will-ball will-ball will-ball will-ball will-ball will-ball will-ball will-ball will-ball will-ball will-ball will-ball will-ball will-ball will-ball will-ball will-ball will-ball will-ball will-ball will-ball will-ball will-ball will-ball will-ball will-ball will-ball will-ball will-ball will-ball will-ball will-ball will-ball will-ball will-ball will-ball will-ball will-ball will-ball will-ball will-ball will-ball will-ball will-ball will-ball will-ball will-ball will-ball will-ball will-ball will-ball will-ball will-ball will-ball will-ball will-ball will-ball will-ball will-ball will-ball will-ball will-ball will-ball will-ball will-ball will-ball will-ball will-ball will-ball will-ball will-ball will-ball will-ball will-ball will-ball will-ball will-ball will-ball will-ball will-ball will-ball will-ball will-ball will-ball will-ball will-ball will-ball will-ball will-ball will-ball will-ball will-ball will-ball will-ball will-ball will-ball will-ball will-ball will-ball will-ball will-ball will-ball will-ball will-ball will-ball will-ball will-ball will-ball will-ball will-ball will-ball will-ball will-ball will-ball will-ball will-ball will-ball will-ball will-ball will-ball will-ball will-ball will-ball will-ball will-ball will-ball will-ball will-ball will-ball will-ball will-ball will-ball will-ball will-ball will-ball will-ball will-ball will-ball will-ball will-ball will-ball will-ball will-ball will-ball will-ball will-ball will-ball will-ball will-ball will-ball will-ball will-ball will-ball will-ball will-ball will-ball will-ball will-ball will-ball will-ball will-ball will-ball will-ball will-ball will-ball will-ball will-ball will-ball will-ball will-ball will-ball will-ball will-ball will-ball will-ball will-ball will-ball will-ball will-ball will-ball will-ball will-ball will-ball will-ball will-ball will-ball will-ball will-ball will-ball will-ball will-ball will-ball will-ball will-ball will-ball will-ball will-ball will-ball will-ball will-ball will-ball will-ball will-ball will-ball will-ball will-ball will-ball will-ball will-ball will-ball will-ball will-ball will-ball will-ball will-ball will-ball will-ball will-ball will-ball will-ball will-ball will-ball will-ball will-ball will-ball will-ball will-ball will-ball will-ball will-ball will-ball will-ball will-ball will-ball will-ball",Prevention,150.51158618927002
Prevention_B_attempt_0_obj1_False,success_success_2shot,False,True,False,"Yes, the red ball will successfully reach the green target.

**Reasoning:**

1. **Initial State:** The red ball is positioned at the top of a ramp-like structure. A blue block is suspended above the ramp, and another is positioned further down.
2. **Blue Block Fall:** The blue block directly above the red ball will fall due to gravity.
3. **Impact & Momentum Transfer:** When the blue block falls, it will collide with the red ball. This collision will transfer momentum from the falling blue block to the red ball, giving it a significant push downwards along the ramp.
4. **Ramp Trajectory:** The ramp directs the red ball's motion towards the green target area. The momentum gained from the falling blue block will be sufficient to overcome any initial static friction and propel the red ball down the ramp.
5. **Target Acquisition:** The red ball will travel down the ramp and land within the green target area.

Therefore, the red ball will successfully reach the green target.",Prevention,20.244728565216064
Prevention_B_attempt_0_obj1_False,success_failure_2shot,False,True,False,"Yes, the red ball will successfully reach the green target.

**Reasoning:**

1. **Initial State:** The red ball is positioned above a ramp leading down to a target area. Two blue blocks are suspended above.
2. **Blue Block Fall:** The blue blocks will fall due to gravity. The lower blue block will fall directly into the path of the ramp.
3. **Ramp Blockage:** The falling blue block will land on the ramp, creating an obstruction.
4. **Ball Redirection:** The red ball, once released (or if the platform tilts/disappears), will roll down the ramp. However, the blue block will prevent the ball from continuing down the ramp and into the target area.
5. **Alternative Path:** The ball will be redirected by the blue block, and will roll to the side.
6. **Successful Target:** The ball will roll to the side and fall into the target area.",Prevention,18.337870359420776
Prevention_B_attempt_0_obj1_False,failure_success_2shot,False,True,False,"Yes, the red ball will likely reach the green target. Here's the reasoning:

1. **Initial State:** The red ball is positioned at the top of a ramp-like structure. Two blue blocks are suspended above.
2. **Blue Block Fall:** The blue blocks will fall due to gravity. The block closer to the red ball will fall directly downwards.
3. **Impact & Momentum Transfer:** The falling blue block will collide with the red ball. This collision will impart downward momentum to the red ball, initiating its movement.
4. **Ramp Trajectory:** The red ball, now with downward momentum, will roll down the ramp. The ramp directs the ball towards the target area.
5. **Target Reach:** Given the angle and length of the ramp, the red ball will gain enough momentum to roll into the green target area at the bottom.

Therefore, the falling blue block acts as the trigger, initiating the red ball's motion down the ramp and into the target.",Prevention,27.671469926834106
Prevention_B_attempt_0_obj1_False,failure_failure_2shot,False,False,True,"No, the red ball will not reach the green target.

**Reasoning:**

1. **Initial State:** The red ball is positioned high up and to the left. Two blue blocks are suspended above, and will fall due to gravity.
2. **Blue Block Trajectory:** The blue blocks will fall straight down. The one closer to the red ball will likely land *before* the red ball has a chance to move significantly. This block will act as a barrier.
3. **Red Ball's Path:** The red ball will roll down the inclined plane. However, the first falling blue block will land in its path, blocking it from reaching the target area. Even if the red ball somehow gets past the first block, the second block will likely land in the path as well.
4. **Conclusion:** The red ball is blocked by the falling blue blocks and will not reach the green target area.",Prevention,42.82330298423767
Chaining_attempt_1_obj3_False,0shot,False,True,False,"**Judgment: Yes**

**Reasoning:**

1. **Initial State:** We have four red balls. Two are on the edges of platforms, and two are on top of vertical pillars. A green target area is positioned directly below one of the pillars.
2. **Gravity's Influence:** All suspended objects (the red balls on the pillars) will fall downwards due to gravity.
3. **Pillar Ball Trajectory:** The red ball on the pillar directly above the green target area will fall straight down.
4. **Successful Target Acquisition:** Since the target area is directly below the pillar, the falling red ball will land within the green target area. 

Therefore, at least one red ball (the one initially on the pillar above the target) will successfully reach the green target area.",Chaining,11.56301498413086
Chaining_attempt_1_obj3_False,success_1shot,False,True,False,"Yes, the red ball will successfully reach the green target.

**Reasoning:**

1. **Initial State:** We have a setup with red balls on platforms and pillars, and a green target area. A blue block is suspended above the scene.
2. **Blue Block Falls:** The blue block, being suspended, will fall downwards due to gravity.
3. **Impact and Chain Reaction:** The falling blue block will collide with the pillar supporting one of the red balls. This impact will topple the pillar.
4. **Red Ball Falls:** The toppling pillar will cause the red ball on top of it to fall downwards.
5. **Trajectory and Target:** The falling red ball will follow a ballistic trajectory. Given its initial position, it is highly likely to fall directly into the green target area.

Therefore, due to the chain reaction initiated by the falling blue block, at least one red ball will reach the green target.",Chaining,22.321172952651978
Chaining_attempt_1_obj3_False,failure_1shot,False,True,False,"Yes, the red ball will likely reach the green target.

**Reasoning:**

1. **Initial State:** We have a blue object suspended above the red ball on the pillar.
2. **Gravity's Effect:** The blue object will fall downwards due to gravity.
3. **Impact & Transfer of Momentum:** When the blue object falls, it will collide with the red ball on the pillar. This collision will transfer momentum to the red ball.
4. **Trajectory:** The transferred momentum will cause the red ball to move horizontally towards the green target area.
5. **Successful Landing:** Given the initial positioning, the red ball is likely to land within the green target area after being propelled by the falling blue object. 

Therefore, the chain of events – falling blue object impacting the red ball, transferring momentum, and the red ball's subsequent trajectory – will likely result in the red ball reaching the green target.",Chaining,17.033576488494873
Chaining_attempt_1_obj3_False,success_success_2shot,False,True,False,"Yes, the red ball will successfully reach the green target.

**Reasoning:**

1. **Blue Block Falls:** The blue block on the right is suspended and will fall due to gravity.
2. **Impact & Push:** As the blue block falls, it will collide with the red ball resting on the pillar. This impact will push the red ball horizontally towards the green target area.
3. **Trajectory:** The red ball, now in motion, will follow a ballistic trajectory (parabola) influenced by gravity.
4. **Target Acquisition:** Given the initial position and the direction of the push, the red ball is likely to land within the green target area. 

Therefore, the chain of events – falling blue block, impact, and ballistic motion – will result in the red ball reaching the target.",Chaining,21.312677145004272
Chaining_attempt_1_obj3_False,success_failure_2shot,False,True,False,"Yes, the red ball will successfully reach the green target.

**Reasoning:**

1. **Blue Block Falls:** The blue block is suspended and will fall downwards due to gravity.
2. **Impact on Pillar:** The falling blue block will collide with the pillar supporting the red ball directly above the green target area.
3. **Pillar Topples:** The impact will likely topple the pillar.
4. **Red Ball Falls:** As the pillar falls, the red ball on top of it will also fall downwards.
5. **Target Area:** The red ball will fall directly into the green target area. 

Therefore, the chain of events leads to the red ball successfully reaching the target.",Chaining,22.510196447372437
Chaining_attempt_1_obj3_False,failure_success_2shot,False,False,True,"No, the red ball will not reach the green target.

**Reasoning:**

1. **Blue Object Falls:** The blue triangle will fall downwards due to gravity.
2. **No Impact:** The falling blue triangle will not impact any of the red balls directly.
3. **Red Ball Trajectory:** The red balls on the pillars are positioned directly above the target area. However, they are simply resting on the pillars. Without an external force (like the blue object impacting them, or the pillars being knocked over), they will remain stationary.
4. **No Target Reach:** Therefore, none of the red balls will fall into the green target area.",Chaining,12.418278455734253
Chaining_attempt_1_obj3_False,failure_failure_2shot,False,True,False,"Yes, the red ball will likely reach the green target.

**Reasoning:**

1. **Initial State:** A blue object is suspended above the scene, indicating it will fall due to gravity.
2. **Falling Object's Impact:** When the blue object falls, it will collide with the top red ball on the pillar.
3. **Transfer of Momentum:** This collision will transfer momentum to the red ball, causing it to move horizontally.
4. **Trajectory:** The red ball will move towards the right, and given its initial position, it is highly likely to fall into the green target area. 

Therefore, the chain of events—falling blue object impacting the red ball, transferring momentum, and the red ball falling into the target—makes it probable that at least one red ball will reach the green target.",Chaining,17.01024341583252
Shafts_A_attempt_0_obj3_True,0shot,True,False,False,"Okay, let's analyze this scenario.

**Judgment: Yes**

**Reasoning:**

1. **Blue Object's Fall:** The blue object will fall straight down due to gravity.
2. **Impact & Momentum Transfer:** The blue object will fall and impact the platform. This impact will impart a horizontal force on the platform.
3. **Platform Tilt & Ball Roll:** The platform will tilt downwards on the side where the blue object lands. This tilt will cause both red balls to roll.
4. **Trajectory to Target:** The red ball on the right is positioned such that the tilting of the platform will roll it directly towards the green target area. The ball's initial position and the direction of the tilt align favorably for it to fall into the target.
5. **No Obstacles:** There are no obstacles blocking the path of the red ball to the target.

Therefore, it is highly likely that at least one red ball (the one on the right) will successfully reach the green target area.



",Shafts,15.976500749588013
Shafts_A_attempt_0_obj3_True,success_1shot,True,True,True,"Yes, the red ball will successfully reach the green target.

**Reasoning:**

1. **Blue Object Falls:** The blue object will fall straight down due to gravity.
2. **Impact & Momentum Transfer:** When the blue object falls, it will impact the platform. This impact will transfer momentum to the platform.
3. **Platform Tilts:** The platform will tilt downwards on the side where the blue object lands.
4. **Red Ball Rolls:** The red ball on that side will roll downwards due to gravity and the tilting of the platform.
5. **Target Reached:** The red ball will roll off the platform and fall into the green target area below. 

The geometry of the setup ensures the red ball will roll directly into the target.",Shafts,14.912489652633667
Shafts_A_attempt_0_obj3_True,failure_1shot,True,False,False,"No, the red ball will not reach the green target.

**Reasoning:**

1. **Blue Object Fall:** The blue object will fall straight down due to gravity.
2. **Platform Tilt:** The falling blue object will impact the platform, causing it to tilt downwards on the side where the blue object lands.
3. **Red Ball Motion:** The red ball on the tilting platform will roll downwards due to gravity, following the slope created by the tilting platform.
4. **Trajectory:** The platform is tilted *away* from the green target area. The red ball will roll away from the target.
5. **Conclusion:** Therefore, the red ball will not fall into the green target area. It will roll in the opposite direction.



",Shafts,20.26477289199829
Shafts_A_attempt_0_obj3_True,success_success_2shot,True,False,False,"No, the red ball will not reach the green target.

**Reasoning:**

1. **Blue Object's Fall:** The blue object will fall straight down due to gravity.
2. **Trajectory Impact:** Given the position of the blue object directly above the right side of the platform, its fall will exert a force on that side, causing the platform to tilt downwards on the right.
3. **Red Ball's Motion:** The red ball on the left will roll downwards due to the tilting platform. However, the tilting will be such that the ball will roll *away* from the green target area.
4. **Target Miss:** The ball will roll off the platform on the left side, and will not reach the green target.",Shafts,26.99774932861328
Shafts_A_attempt_0_obj3_True,success_failure_2shot,True,False,False,"No, the red ball will not reach the green target.

**Reasoning:**

1. **Blue Object's Fall:** The blue object will fall straight down due to gravity.
2. **Impact & Platform Tilt:** When the blue object lands on the platform, it will cause the platform to tilt downwards on the side where it lands.
3. **Red Ball's Motion:** The red ball on the side where the platform tilts downwards will roll towards the opening created by the tilted platform.
4. **Trajectory:** The red ball will roll off the platform and fall into the shaft, away from the green target area. The other red ball will roll in the opposite direction, also away from the target. 

Therefore, neither red ball is likely to reach the green target.",Shafts,12.039594173431396
Shafts_A_attempt_0_obj3_True,failure_success_2shot,True,True,True,"Yes, the red ball will likely reach the green target. Here's the reasoning:

1. **Blue Object Falls:** The blue object will fall downwards due to gravity.
2. **Platform Tilt:** As the blue object falls, it will impact the platform, causing it to tilt downwards on the side where the blue object lands.
3. **Red Ball Rolls:** The tilting platform will cause the red ball on that side to roll downwards, towards the opening directly above the green target area.
4. **Ball Falls into Target:**  The red ball will roll off the edge of the platform and fall into the green target area. 

Therefore, due to the falling blue object initiating a chain reaction of tilting and rolling, the red ball is likely to reach the target.",Shafts,17.021392822265625
Shafts_A_attempt_0_obj3_True,failure_failure_2shot,True,True,True,"Yes, the red ball will likely reach the green target.

**Reasoning:**

1. **Blue Object Falls:** The blue object will fall downwards due to gravity.
2. **Platform Tilts:** As the blue object falls, it will impact the platform, causing it to tilt downwards on the side where the blue object lands.
3. **Red Ball Rolls:** The tilting platform will cause the red ball on that side to roll downwards towards the opening.
4. **Ball Falls into Target:** The red ball will roll off the platform and fall directly into the green target area below. 

Therefore, the red ball is highly likely to reach the target.",Shafts,15.52966046333313
Unbox_attempt_1_obj2_False,0shot,False,,,"Here's my analysis of the scene, applying physical intuition:

**Reasoning:**

1. **Initial State:** The red ball is suspended in the air. Gravity will cause it to fall downwards.
2. **Trajectory:** The ball will fall straight down, following a vertical path due to gravity.
3. **Obstacles:** There are two blue objects, one above and one below the green target. The upper blue object is positioned to the right of the ball, so it won't directly obstruct the ball's fall. The lower blue object is positioned directly above the green target.
4. **Impact:** The red ball will fall and land on top of the lower blue object. Since there is no stickiness, the ball will then fall off the blue object and land *within* the green target area.

**Prediction:**

Yes, the red ball will successfully reach the green target. 

**Causal Chain:**

Gravity -> Vertical downward acceleration of the red ball -> Ball collides with the lower blue object -> Ball rolls/falls off the blue object -> Ball lands within the green target area.



",Unbox,22.55013942718506
Unbox_attempt_1_obj2_False,success_1shot,False,True,False,"Yes, the red ball will successfully reach the green target.

**Reasoning:**

1. **Initial State:** The red ball is suspended above the green target area. The blue block is suspended above and to the side.
2. **Gravity's Influence:** Both the red ball and the blue block will fall downwards due to gravity.
3. **Trajectory Prediction:** The red ball will fall straight down. The blue block will also fall straight down.
4. **Collision Avoidance:** Since there is no stickiness, the objects will not attach to each other.
5. **Final State:** The red ball will fall directly into the green target area. The blue block will fall to the side, but will not interfere with the red ball's trajectory.

Therefore, the red ball will successfully reach the green target.",Unbox,15.625580310821533
Unbox_attempt_1_obj2_False,failure_1shot,False,False,True,"No, the red ball will not reach the green target.

**Reasoning:**

1. **Initial State:** The red ball is suspended above the green target area. A blue L-shaped object is also suspended.
2. **Gravity's Influence:** Both the red ball and the blue object will fall downwards due to gravity.
3. **Trajectory Prediction:** The red ball will fall straight down. The blue object will also fall straight down.
4. **Collision Avoidance:** Since there is no stickiness, the objects will not attach to each other.
5. **Outcome:** The blue object is positioned such that it will land *before* the red ball reaches the target area, effectively blocking the red ball from reaching the green target. The red ball will land on top of or beside the blue object, but not *in* the green target.



",Unbox,15.991583824157715
Unbox_attempt_1_obj2_False,success_success_2shot,False,True,False,"Yes, the red ball will successfully reach the green target.

**Reasoning:**

1. **Initial State:** The red ball is suspended above the green target area.
2. **Gravity:** Gravity will pull the red ball downwards in a vertical trajectory.
3. **Obstacle:** The blue L-shaped object is positioned to the right of the red ball.
4. **Trajectory Prediction:** The red ball will fall straight down. The blue object is not directly above the target, and therefore will not obstruct the red ball's path.
5. **Conclusion:** Since the red ball falls vertically and the blue object doesn't block its path, the red ball will land within the green target area.",Unbox,10.967028617858887
Unbox_attempt_1_obj2_False,success_failure_2shot,False,False,True,"No, the red ball will not reach the green target.

**Reasoning:**

1. **Initial State:** The red ball is suspended in the air, and the green target area is located on a platform below. A blue L-shaped block is also suspended above the platform, but offset from the target.
2. **Gravity's Influence:** Both the red ball and the blue block will fall due to gravity.
3. **Trajectory Prediction:** The red ball will fall straight down. The blue block will also fall straight down, but its position is such that it will land *between* the red ball's initial position and the green target.
4. **Obstruction:** The falling blue block will obstruct the red ball's path, preventing it from landing in the green target area. The red ball will likely hit the blue block before reaching the target.

Therefore, the red ball will not reach the green target.",Unbox,17.050419569015503
Unbox_attempt_1_obj2_False,failure_success_2shot,False,False,True,"No, the red ball will not reach the green target.

**Reasoning:**

1. **Initial State:** The red ball is suspended in the air.
2. **Gravity:** Once released, the red ball will fall straight down due to gravity.
3. **Obstacle:** The blue block is positioned directly above the green target area.
4. **Trajectory:** The red ball's trajectory will be a vertical line downwards.
5. **Collision:** The red ball will collide with the blue block before it reaches the green target.
6. **Conclusion:** Therefore, the red ball will not reach the green target.",Unbox,8.74361538887024
Unbox_attempt_1_obj2_False,failure_failure_2shot,False,False,True,"No, the red ball will not reach the green target.

**Reasoning:**

1. **Initial State:** The red ball is suspended in the air.
2. **Gravity:** Gravity will cause the red ball to fall straight down.
3. **Obstruction:** The blue L-shaped block is positioned such that it will intercept the red ball's downward trajectory *before* the ball reaches the green target area. The ball will collide with the blue block.
4. **Conclusion:** Because the blue block will obstruct the red ball's path, the red ball will not reach the green target.",Unbox,8.564317226409912
SeeSaw_attempt_8_obj2_False,0shot,False,True,False,"Okay, let's analyze this scenario with a focus on physical intuition.

**Reasoning:**

1. **Initial State:** We have a red ball suspended in the air, a single blue block above it, and a green target area below. All objects are subject to gravity.
2. **Motion of the Blue Block:** The blue block will fall straight down due to gravity.
3. **Impact and Trajectory Change:** The falling blue block will collide with the red ball. This collision will transfer some of the blue block's downward momentum to the red ball.  The red ball will then continue to fall, but its trajectory will be altered by the impact.
4. **Target Assessment:** Given the initial positions, the blue block is directly above the red ball. The impact will likely push the red ball downwards and slightly to the right. The green target is positioned to the right of the initial position of the red ball. Therefore, the red ball is likely to fall into the green target area.

**Judgment:**

Yes. 

**Causal Physical Reasoning Chain:**

1. **Gravity:** Gravity acts on both the red ball and the blue block, causing them to accelerate downwards.
2. **Collision:** The blue block, falling due to gravity, collides with the red ball.
3. **Momentum Transfer:** The collision transfers downward momentum from the blue block to the red ball.
4. **Trajectory Alteration:** The red ball's trajectory is altered by the collision, causing it to move towards the green target.
5. **Final State:** The red ball falls into the green target area due to the combined effects of gravity and the collision.



",SeeSaw,13.986608028411865
SeeSaw_attempt_8_obj2_False,success_1shot,False,True,False,"Yes, the red ball will successfully reach the green target.

**Reasoning:**

1. **Initial State:** The red ball is suspended above the green target area. A blue block is suspended above and slightly to the right of the red ball.
2. **Gravity's Influence:** Both the red ball and the blue block will fall downwards due to gravity.
3. **Trajectory Prediction:** The red ball will fall in a relatively straight line downwards. The blue block will also fall downwards, but its initial position means it will likely fall *between* the red ball and the target.
4. **Outcome:** Because the blue block falls between the red ball and the target, it will not obstruct the red ball's path. The red ball will continue to fall and land within the green target area.",SeeSaw,8.469298839569092
SeeSaw_attempt_8_obj2_False,failure_1shot,False,False,True,"No, the red ball will not reach the green target.

**Reasoning:**

1. **Initial State:** The red ball is suspended above and to the left of the green target area. A blue block is suspended above and between the red ball and the target.
2. **Gravity's Influence:** Both the red ball and the blue block will fall downwards due to gravity.
3. **Trajectory Prediction:** The red ball will fall in a relatively straight line downwards. The blue block will also fall downwards, potentially obstructing the path of the red ball.
4. **Obstruction:** The blue block is positioned such that it will likely land *before* the red ball reaches the target area, creating an obstacle. Even if the red ball avoids a direct collision, the blue block will significantly alter the red ball's trajectory, pushing it away from the target.
5. **Conclusion:** Given the initial positions and the influence of gravity, the red ball will not reach the green target area. The blue block will act as a barrier or deflect the red ball's path.



",SeeSaw,10.529203653335571
SeeSaw_attempt_8_obj2_False,success_success_2shot,False,False,True,"No, the red ball will not reach the green target.

**Reasoning:**

1. **Initial State:** The red ball is positioned to the left and above the green target area. A blue block is positioned between the red ball's trajectory and the green target.
2. **Gravity's Influence:** Both the red ball and the blue block will fall downwards due to gravity.
3. **Trajectory & Obstruction:** The red ball will fall in a relatively straight vertical path. The falling blue block will likely land in the path of the red ball, obstructing its descent towards the green target. 
4. **Outcome:** Because of the obstruction, the red ball will either collide with the blue block and be deflected away from the target, or it will land *behind* the blue block, missing the green target area. Therefore, it's highly unlikely the red ball will reach the target.",SeeSaw,10.7858145236969
SeeSaw_attempt_8_obj2_False,success_failure_2shot,False,False,True,"No, the red ball will not reach the green target.

**Reasoning:**

1. **Initial State:** The red ball is positioned to the left and above the green target area. A blue block is positioned between the red ball and the target.
2. **Gravity's Influence:** Both the red ball and the blue block will fall downwards due to gravity.
3. **Trajectory Prediction:** The red ball will fall straight down. The blue block will also fall straight down, but it is positioned in such a way that it will land *between* the red ball's initial position and the green target.
4. **Obstruction:** The falling blue block will obstruct the red ball's path to the green target. The red ball will land to the left of the blue block, and therefore will not reach the target. 

Therefore, the red ball will not reach the green target.",SeeSaw,10.670852422714233
SeeSaw_attempt_8_obj2_False,failure_success_2shot,False,False,True,"No, the red ball will not reach the green target.

**Reasoning:**

1. **Initial State:** The red ball is suspended in the air, and the blue blocks are also suspended.
2. **Gravity's Influence:** Once released, all objects will fall downwards due to gravity.
3. **Trajectory Prediction:** The red ball will fall straight down. The blue blocks will also fall straight down.
4. **Obstruction:** The long blue block is positioned directly between the red ball's initial position and the green target.
5. **Collision/Deflection:** The red ball will collide with the long blue block before it can reach the green target. This collision will likely deflect the red ball away from the target.
6. **Conclusion:** Therefore, the red ball will not reach the green target.",SeeSaw,10.105910539627075
SeeSaw_attempt_8_obj2_False,failure_failure_2shot,False,False,True,"No, the red ball will not reach the green target.

**Reasoning:**

1. **Initial Conditions:** The red ball starts suspended in the air. The blue blocks are also suspended.
2. **Gravity's Influence:**  Both the red ball and the blue blocks will fall downwards due to gravity.
3. **Trajectory Prediction:** The red ball will fall straight down. The upper blue block will fall straight down, and the lower blue block will also fall straight down.
4. **Obstruction:** The lower blue block is positioned directly below the red ball. Therefore, the red ball will collide with the lower blue block before it can reach the green target.
5. **Conclusion:** Because of the obstruction, the red ball will not reach the green target.",SeeSaw,9.799964666366577
Bridge_attempt_4_obj3_False,best_success_3shot,False,False,True,"No, the red ball will not reach the green target.",Bridge,5.3073694705963135
Bridge_attempt_4_obj3_False,best_failure_3shot,False,False,True,"No, the red ball will not reach the green target.",Bridge,5.263874053955078
Bridge_attempt_4_obj3_False,second_best_success_3shot,False,True,False,"Yes, the red ball will successfully reach the green target.",Bridge,5.332338333129883
Bridge_attempt_4_obj3_False,second_best_failure_3shot,False,False,True,"No, the red ball will not reach the green target.",Bridge,5.333846092224121
Gap_attempt_0_obj1_True,best_success_3shot,True,False,False,"No, the red ball will not reach the green target.

**Reasoning:**

1. **Initial State:** The red ball is positioned high and to the left. The blue triangle is directly above the green target area.
2. **Falling Motion:** The red ball will fall straight down due to gravity.
3. **Obstruction:** The blue triangle is positioned such that the falling red ball will collide with it *before* it reaches the green target. The collision will likely deflect the red ball away from the target.
4. **Outcome:** Because of the obstruction, the red ball will not reach the green target area. It will either bounce off the blue triangle and fall elsewhere, or be stopped by the triangle.",Gap,11.124221086502075
Gap_attempt_0_obj1_True,best_failure_3shot,True,False,False,"No, the red ball will not reach the green target.

**Reasoning:**

The red ball will fall straight down due to gravity. The blue triangle is positioned directly above the green target area, but it won't affect the red ball's trajectory. The red ball will fall to the left of the green target, landing on the black surface. Therefore, it will not reach the target.",Gap,8.54207181930542
Gap_attempt_0_obj1_True,second_best_success_3shot,True,False,False,"No, the red ball will not reach the green target.

**Reasoning:**

1. **Initial State:** The red ball is positioned high and to the left. The blue triangle is directly above the green target area.
2. **Falling Motion:** The red ball will fall straight down due to gravity.
3. **Obstruction:** The blue triangle is positioned such that the falling red ball will collide with it. This collision will deflect the red ball's trajectory.
4. **Deflection:** The deflection caused by the triangle will push the red ball away from the green target area.
5. **Outcome:** The red ball will not reach the green target area. It will likely bounce off the triangle and fall to the side.",Gap,11.266770839691162
Gap_attempt_0_obj1_True,second_best_failure_3shot,True,False,False,"No, the red ball will not reach the green target.

**Reasoning:**

The red ball will fall straight down due to gravity. The blue triangle is positioned directly above the green target, but it won't affect the red ball's trajectory. The red ball will fall *between* the triangle and the green target, landing on the black surface below. There's no mechanism for the ball to be redirected towards the green area.",Gap,8.842607259750366
Table_B_attempt_8_obj1_True,best_success_3shot,True,True,True,"Yes, the red ball will successfully reach the green target.",Table,5.344624042510986
Table_B_attempt_8_obj1_True,best_failure_3shot,True,True,True,"Yes, the red ball will reach the green target.

**Reasoning:**

1. **Initial State:** The red ball is suspended in the air.
2. **Gravity's Influence:** Gravity will pull the red ball downwards.
3. **Obstacle Avoidance:** The red ball will fall straight down, and the blue objects will also fall straight down.
4. **Target Alignment:** The green target area is directly below the initial position of the red ball. Therefore, the red ball will fall into the green target area.",Table,9.188307523727417
Table_B_attempt_8_obj1_True,second_best_success_3shot,True,True,True,"Yes, the red ball will successfully reach the green target.",Table,5.360526084899902
Table_B_attempt_8_obj1_True,second_best_failure_3shot,True,True,True,"Yes, the red ball will likely reach the green target.

**Reasoning:**

1. **Initial State:** The red ball is suspended above the green target area.
2. **Gravity's Influence:**  Once released, gravity will pull the red ball downwards in a relatively straight path.
3. **Obstacle Analysis:** There are no obstacles directly blocking the path of the red ball to the green target.
4. **Trajectory Prediction:** The red ball will fall downwards, and given its initial position, it is highly probable that it will land within the boundaries of the green target area. 

Therefore, based on the initial setup and the influence of gravity, the red ball is expected to successfully reach the green target.",Table,10.707890033721924
Catapult_attempt_0_obj2_True,best_success_3shot,True,True,True,"Yes, the red ball will successfully reach the green target.

**Reasoning:**

1. **Initial State:** The red ball is resting on a plank. A blue square is positioned above, acting as a potential force applicator. A green target area is positioned to the right.
2. **Force Application:** The blue square will fall due to gravity. Upon impact with the plank, it will exert a downward force on the plank, and consequently, an upward force on the red ball.
3. **Trajectory:** This upward force will launch the red ball into the air. Given the position of the target, the force will propel the ball in the correct direction.
4. **Gravity's Role:** Gravity will then act on the launched ball, causing it to follow a parabolic trajectory.
5. **Successful Landing:** The trajectory and initial force are sufficient to carry the ball over to the green target area, allowing it to land within the designated zone.",Catapult,12.507262706756592
Catapult_attempt_0_obj2_True,best_failure_3shot,True,False,False,"No, the red ball will not reach the green target.

**Reasoning:**

1. **Initial State:** The red ball is resting on a platform.
2. **Trigger:** The blue block will fall downwards due to gravity.
3. **Impact:** When the blue block falls, it will strike the platform, causing the platform to rotate downwards on the side where the impact occurs.
4. **Ball's Motion:** This rotation will launch the red ball upwards and forwards. However, the angle and force of the launch will not be sufficient to send the ball directly into the green target area. The ball will likely travel upwards and then fall back down, missing the target. The target is positioned too far away and at an angle that the ball won't reach given the likely trajectory.",Catapult,11.281012535095215
Catapult_attempt_0_obj2_True,second_best_success_3shot,True,True,True,"Yes, the red ball will successfully reach the green target.

**Reasoning:**

1. **Initial State:** The red ball is positioned on a platform. A blue block is suspended above, and a green target area is to the right.
2. **Trigger:** The blue block will fall due to gravity.
3. **Impact:** As the blue block falls, it will strike the platform, causing it to rotate downwards on the side closest to the blue block.
4. **Launch:** This rotation will launch the red ball forward, towards the green target area.
5. **Trajectory:** The ball will follow a parabolic trajectory, influenced by gravity. Given the setup, the launch angle and force from the platform rotation are sufficient to send the ball into the green target area.",Catapult,11.15036129951477
Catapult_attempt_0_obj2_True,second_best_failure_3shot,True,False,False,"No, the red ball will not reach the green target.

**Reasoning:**

1. **Initial State:** The red ball is resting on a horizontal platform.
2. **Trigger:** The blue block will fall downwards due to gravity.
3. **Impact:** When the blue block falls, it will hit the platform, causing it to rotate downwards on the side where the block lands.
4. **Ball's Motion:** This rotation will launch the red ball upwards and forwards. However, the green target is positioned to the right and slightly below the launch point.
5. **Trajectory:** The ball's trajectory will be an arc. Given the direction of the platform's rotation, the ball will likely be launched upwards and to the left, not towards the green target.
6. **Conclusion:** Therefore, the red ball will not reach the green target.",Catapult,11.840650796890259
Falling_B_attempt_9_obj2_False,best_success_3shot,False,True,False,"Yes, the red ball will successfully reach the green target.",Falling,5.784504413604736
Falling_B_attempt_9_obj2_False,best_failure_3shot,False,False,True,"No, the red ball will not reach the green target.

**Reasoning for all scenarios:**

In each of these scenarios, the red ball is initially contained within the U-shaped structure. The falling blue object (circle or triangle) will likely cause some disturbance, but it won't provide enough force to reliably launch the red ball *out* of the U-shape and down to the green target area. 

Here's the breakdown:

1. **Containment:** The U-shape acts as a barrier. The red ball needs a significant upward and outward force to clear the sides.
2. **Impact Dynamics:** The falling blue object will impact *something* – either the red ball directly, or the sides of the U-shape.  A direct hit to the red ball might cause it to move *within* the U-shape, but not necessarily *out* of it. An impact on the sides of the U-shape will transfer energy to the structure, potentially causing it to wobble, but again, not reliably launching the red ball.
3. **Gravity's Role:** Gravity will pull the red ball downwards, but it's constrained by the U-shape.  Without a sufficient initial upward force to overcome the sides, it will remain trapped.

Therefore, in all cases, the red ball will either stay within the U-shape or, at best, roll around inside it, but it won't reach the green target area.",Falling,17.11466383934021
Falling_B_attempt_9_obj2_False,second_best_success_3shot,False,True,False,"Yes, the red ball will successfully reach the green target.",Falling,5.791988134384155
Falling_B_attempt_9_obj2_False,second_best_failure_3shot,False,False,True,"No, the red ball will not reach the green target.

**Reasoning:**

In all four scenarios, the red ball is contained within a U-shaped structure. The falling blue object, while potentially causing some initial disturbance, will not provide enough force to propel the red ball *out* of the U-shape and down to the green target area. The U-shape acts as a barrier, preventing the red ball from escaping and reaching the target. Gravity will cause the blue object to fall, but the red ball will remain trapped within the confines of the U-shaped structure.",Falling,9.912166118621826
Prevention_B_attempt_0_obj1_False,best_success_3shot,False,False,True,"No, the red ball will not reach the green target.

**Reasoning:**

1. **Initial State:** The red ball is positioned at the top left of a ramp-like structure. A blue block is suspended above the ramp, and another is positioned further down the ramp.
2. **Blue Block Fall:** When the simulation starts, the blue blocks will fall due to gravity. The first blue block will fall and likely land on the ramp, creating an obstruction.
3. **Ball's Trajectory:** The red ball will roll down the ramp due to gravity. However, the falling blue block will obstruct its path.
4. **Obstruction:** The obstruction will divert the red ball away from the green target area.
5. **Conclusion:** Because of the obstruction, the red ball will not reach the green target.",Prevention,12.006600379943848
Prevention_B_attempt_0_obj1_False,best_failure_3shot,False,False,True,"No, the red ball will not reach the green target.

**Reasoning:**

Here's a step-by-step breakdown of the likely evolution of the scene and why the ball won't reach the target:

1. **Blue Object Fall:** The blue objects will begin to fall downwards due to gravity.
2. **Trajectory Blockage:** The falling blue objects are positioned directly in the path of where the red ball would need to travel to reach the green target area.
3. **Impact & Deflection:** The red ball will likely collide with the falling blue objects. This collision will deflect the red ball's trajectory *away* from the target area.
4. **No Path to Target:** Even if the red ball manages to avoid a direct collision, the falling blue objects will create a barrier, preventing the red ball from rolling down the ramp and into the green target.

Therefore, the red ball will be blocked or deflected away from the target area, making it impossible for it to reach the green zone.",Prevention,13.550319910049438
Prevention_B_attempt_0_obj1_False,second_best_success_3shot,False,False,True,"No, the red ball will not reach the green target.

**Reasoning:**

1. **Initial State:** The red ball starts on a platform, and there are two blue blocks suspended above.
2. **Blue Block Fall:** When the simulation starts, the blue blocks will fall due to gravity. The lower blue block will fall directly into the path of the red ball.
3. **Obstruction:** The falling blue block will obstruct the red ball's path, preventing it from rolling down the ramp and into the green target area. The red ball will likely be stopped by the blue block.
4. **Conclusion:** Because the red ball's path is blocked, it will not reach the green target.",Prevention,11.097732543945312
Prevention_B_attempt_0_obj1_False,second_best_failure_3shot,False,False,True,"No, the red ball will not reach the green target.

**Reasoning:**

Here's a step-by-step breakdown of the likely evolution of the scene and why the ball won't reach the target:

1. **Blue Block Falls:** The blue block directly above the angled platform will fall due to gravity.
2. **Impact & Direction:** When the blue block falls, it will impact the angled platform. This impact will likely push the platform downwards and to the right.
3. **Red Ball's Trajectory:** The red ball is positioned on the platform. As the platform moves, the ball will move with it. However, the platform's movement is *away* from the green target area.
4. **No Path to Target:** The platform's movement will carry the red ball further away from the target, and there's no mechanism to redirect it towards the green area.

Therefore, the red ball will not reach the green target. The falling blue block, while initiating movement, directs that movement *away* from the desired outcome.",Prevention,14.024194955825806
Chaining_attempt_1_obj3_False,best_success_3shot,False,True,False,"Yes, the red ball will successfully reach the green target.

**Reasoning:**

1. **Blue Object Falls:** The blue object suspended in the air will fall downwards due to gravity.
2. **Impact on Pillar:** The falling blue object will collide with the pillar supporting the red ball directly above the green target area.
3. **Pillar Topples:** This impact will likely topple the pillar.
4. **Red Ball Falls:** As the pillar falls, the red ball on top of it will also fall downwards.
5. **Target Area:** The red ball will fall directly into the green target area.

Therefore, due to the chain reaction initiated by the falling blue object, the red ball is highly likely to reach the green target.",Chaining,10.959435939788818
Chaining_attempt_1_obj3_False,best_failure_3shot,False,False,True,"No, the red ball will not reach the green target.

**Reasoning:**

1. **Initial State:** We have four red balls, two on platforms and two on narrow pillars, and a blue object suspended in the air. The target area is a green rectangle.
2. **Blue Object's Fall:** The blue object will fall downwards due to gravity.
3. **Pillar Instability:** The red balls on the narrow pillars are unstable. They will fall off their pillars due to gravity.
4. **Trajectory of Falling Balls:** The balls falling from the pillars will fall straight down.
5. **Target Area:** The target area is positioned directly below one of the pillars. However, the ball falling from that pillar is unlikely to land *inside* the target area, as it's a relatively small target and the ball will likely fall beside it. The other balls are too far away to reach the target.

Therefore, no red ball is likely to reach the green target area.",Chaining,12.963641881942749
Chaining_attempt_1_obj3_False,second_best_success_3shot,False,True,False,"Yes, the red ball will successfully reach the green target.

**Reasoning:**

1. **Blue object falls:** The blue object is suspended in the air and will fall downwards due to gravity.
2. **Impact on platform:** The falling blue object will collide with the platform holding one of the red balls.
3. **Red ball falls:** This collision will dislodge the red ball from the platform, causing it to fall downwards.
4. **Target area:** The falling red ball is positioned directly above the green target area. Therefore, it will fall into the target area.",Chaining,9.643917560577393
Chaining_attempt_1_obj3_False,second_best_failure_3shot,False,False,True,"No, the red ball will not reach the green target.

**Reasoning:**

1. **Initial State:** We have four red balls positioned as described. A blue object is suspended in the air.
2. **Blue Object's Fall:** The blue object will fall downwards due to gravity.
3. **Red Ball Trajectories:** The red balls on the pillars will fall vertically downwards when the pillars are removed. The red ball on the edge of the platform will roll off the edge.
4. **Target Area:** The target area is positioned directly below one of the pillars.
5. **Outcome:** The red ball falling from the pillar directly above the target area will fall into the target area.

Therefore, at least one red ball *will* reach the green target. My previous answers were incorrect. I apologize for the repeated errors. I am still under development and learning to correctly interpret these scenarios.",Chaining,12.207426309585571
Shafts_A_attempt_0_obj3_True,best_success_3shot,True,True,True,"Yes, the red ball will successfully reach the green target.",Shafts,5.391147613525391
Shafts_A_attempt_0_obj3_True,best_failure_3shot,True,False,False,"No, the red ball will not reach the green target.

**Reasoning:**

1. **Blue Object Falls:** The blue object will fall straight down due to gravity.
2. **Platform Tilt:** The falling blue object will land on the platform, causing it to tilt downwards on the side where the blue object lands.
3. **Ball Roll:** The red ball on the tilting platform will roll downwards due to gravity, following the slope created by the tilting platform.
4. **Target Miss:** The platform tilts away from the green target area. Therefore, the red ball will roll away from the target and will not fall into it.",Shafts,10.022558689117432
Shafts_A_attempt_0_obj3_True,second_best_success_3shot,True,True,True,"Yes, the red ball will successfully reach the green target. 

**Reasoning:**

1. **Blue Object Falls:** The blue object will fall straight down due to gravity.
2. **Impact & Momentum Transfer:** When the blue object falls, it will impact the platform. This impact will impart a downward force and momentum to the platform.
3. **Platform Tilts:** The platform will tilt downwards on the side where the blue object lands.
4. **Red Ball Rolls:** The red ball on that side will roll downwards due to gravity and the tilting of the platform.
5. **Target Reached:** The red ball will roll off the platform and into the green target area below.",Shafts,10.458359718322754
Shafts_A_attempt_0_obj3_True,second_best_failure_3shot,True,False,False,"No, the red ball will not reach the green target.

**Reasoning:**

1. **Blue Object Falls:** The blue object will fall straight down due to gravity.
2. **Platform Tilt:** The falling blue object will land on the platform, causing it to tilt downwards on the side where the blue object lands.
3. **Red Ball Movement:** The red ball on the tilting platform will roll downwards along the slope created by the tilt.
4. **Target Location:** The green target area is directly below the initial position of the red ball on the *opposite* side of where the blue object will land. Therefore, the red ball will roll *away* from the target. 

Because the red ball will roll away from the target, it will not fall into the green area.",Shafts,11.2353835105896
Unbox_attempt_1_obj2_False,best_success_3shot,False,True,False,"Yes, the red ball will successfully reach the green target.",Unbox,5.349164962768555
Unbox_attempt_1_obj2_False,best_failure_3shot,False,False,True,"No, the red ball will not reach the green target.

**Reasoning:**

1. **Initial State:** The red ball is suspended in the air.
2. **Gravity's Influence:** Once released, gravity will pull the red ball downwards in a vertical trajectory.
3. **Obstruction:** The blue block is positioned in such a way that it will obstruct the red ball's path. The red ball will fall and collide with the blue block before it can reach the green target area.
4. **Conclusion:** Therefore, the red ball will not reach the green target.",Unbox,9.654804706573486
Unbox_attempt_1_obj2_False,second_best_success_3shot,False,True,False,"Yes, the red ball will successfully reach the green target.

**Reasoning:**

1. **Initial State:** The red ball is suspended in the air, and the blue block is also suspended. Both will fall due to gravity.
2. **Trajectory of Red Ball:** The red ball will fall straight down due to gravity.
3. **Trajectory of Blue Block:** The blue block will also fall straight down.
4. **Interaction:** The blue block is positioned such that it will fall and land on the platform *before* the red ball reaches the same vertical position. This creates a solid surface for the red ball to land on.
5. **Final State:** The red ball will fall onto the platform, which is directly above the green target area. Therefore, the red ball will successfully reach the green target.",Unbox,11.495058059692383
Unbox_attempt_1_obj2_False,second_best_failure_3shot,False,False,True,"No, the red ball will not reach the green target.

**Reasoning:**

1. **Initial State:** The red ball is suspended in the air.
2. **Gravity's Influence:** Gravity will pull the red ball downwards, causing it to fall in a straight vertical line.
3. **Obstruction:** The blue block is positioned such that it will obstruct the red ball's path.
4. **Final Position:** The red ball will fall vertically, likely hitting the blue block before reaching the green target area.

Therefore, the red ball will not reach the green target.",Unbox,9.69875192642212
SeeSaw_attempt_8_obj2_False,best_success_3shot,False,True,False,"Yes, the red ball will successfully reach the green target.",SeeSaw,5.358070611953735
SeeSaw_attempt_8_obj2_False,best_failure_3shot,False,False,True,"No, the red ball will not reach the green target.

**Reasoning:**

1. **Initial State:** The red ball is suspended in the air.
2. **Gravity:** Gravity will cause the red ball to fall straight down.
3. **Obstacles:** The blue blocks are positioned such that the red ball will fall behind them.
4. **Target Location:** The green target is located to the right of the blue blocks.
5. **Trajectory:** The red ball's trajectory will be a vertical line downwards, and it will land behind the blue blocks, missing the green target.

Therefore, the red ball will not reach the green target.",SeeSaw,10.293336153030396
SeeSaw_attempt_8_obj2_False,second_best_success_3shot,False,False,True,"No, the red ball will not reach the green target.

**Reasoning:**

1. **Initial State:** The red ball is suspended above and to the left of the green target area. There are two blue blocks suspended in the air as well.
2. **Gravity's Influence:**  All suspended objects (red ball and blue blocks) will fall downwards due to gravity.
3. **Trajectory Prediction:** The red ball will fall in a relatively straight vertical path. The blue blocks will also fall vertically.
4. **Obstruction:** The long blue block positioned horizontally will obstruct the red ball's path to the green target. The red ball will likely hit the blue block before reaching the target.
5. **Conclusion:** Because of the obstruction, the red ball will not reach the green target area.",SeeSaw,11.440831899642944
SeeSaw_attempt_8_obj2_False,second_best_failure_3shot,False,False,True,"No, the red ball will not reach the green target.

**Reasoning:**

1. **Initial State:** The red ball is suspended in the air.
2. **Gravity:** Gravity will cause the red ball to fall straight down.
3. **Obstacles:** There are blue blocks positioned in a way that will obstruct the red ball's path to the green target.
4. **Trajectory:** The red ball will fall vertically. The blue blocks are positioned such that the red ball will collide with them before it reaches the green target. 

Therefore, the red ball will not reach the green target.",SeeSaw,9.818872451782227
